_ROW_TYPE,_ISSUES,_NEEDS_REVIEW,id,name,category,equipment,primary_muscles,secondary_muscles,description,video_code,video_filename,gender,is_custom,created_at,steps_to_perform,movement_pattern,force_type,movement_type,laterality,plane_of_motion,difficulty_level,complexity_score,strength_rating,hypertrophy_rating,power_rating,endurance_rating,body_position,bench_angle,grip_type,grip_width,optimal_rep_range_min,optimal_rep_range_max,placement_in_workout,fatigability,popularity_score,home_gym_friendly,instructions,workout_type,practicality_score,fat_loss_rating,general_fitness_rating,is_compound,supersetable,exercise_family,base_exercise_name,complementary_families,is_equipment_primary,equipment_category,duration_based,recommended_sets,rest_seconds,muscles_worked_count,priority_build_muscle,priority_get_lean,priority_home,priority_gym
ORIGINAL,MUSCLE: Calf exercise missing Calves as primary,YES,a8ebda78-e747-429c-8aa2-9e6e86494d8c,Calf Raise And Front Squat (Kettlebell),Legs,Kettlebell,['Quads'],"['Glutes', 'Core']","Build stronger calves with this targeted squatting exercise. You'll also feel your glutes, hamstrings working to support the movement. Kettlebells are excellent for building functional, real-world strength. Strong legs are the foundation for athletic performance and functional fitness.",58801201,58801201-Kettlebell-Calf-Raise-and-Front-Squat-(male)_Thigh.mp4,male,False,2025-12-03T23:26:21.452942+00:00,"1. Select an appropriately weighted kettlebell for Kettlebell Calf Raise And Front Squat. 2. Push your hips back and bend your knees to lower your body. 3. Keep your chest up and knees tracking over your toes. 4. Drive through your heels to stand back up, squeezing your glutes at the top. 5. Continue for your target rep count, maintaining good form throughout.",Squat,,,,,4,,5,7,,6,,,,,12,20,,4,,True,,Strength,100,5,7,False,True,front_squat,Calf Raise And Front Squat,"squat, leg_press, leg_extension, goblet_squat",False,kettlebell,False,3,60,2,75,88,88,78
SUGGESTED_FIX,,,a8ebda78-e747-429c-8aa2-9e6e86494d8c,Calf Raise And Front Squat (Kettlebell),Legs,Kettlebell,['Calves'],"['Glutes', 'Core']","Build stronger calves with this targeted squatting exercise. You'll also feel your glutes, hamstrings working to support the movement. Kettlebells are excellent for building functional, real-world strength. Strong legs are the foundation for athletic performance and functional fitness.",58801201,58801201-Kettlebell-Calf-Raise-and-Front-Squat-(male)_Thigh.mp4,male,False,2025-12-03T23:26:21.452942+00:00,"1. Select an appropriately weighted kettlebell for Kettlebell Calf Raise And Front Squat. 2. Push your hips back and bend your knees to lower your body. 3. Keep your chest up and knees tracking over your toes. 4. Drive through your heels to stand back up, squeezing your glutes at the top. 5. Continue for your target rep count, maintaining good form throughout.",Squat,,,,,4,,5,7,,6,,,,,12,20,,4,,True,,Strength,100,5,7,False,True,front_squat,Calf Raise And Front Squat,"squat, leg_press, leg_extension, goblet_squat",False,kettlebell,False,3,60,2,75,88,88,78
ORIGINAL,MUSCLE: Shrug exercise incorrectly labeled as Chest (should be Traps) | CATEGORY: Shrug exercise in Chest category (should be Shoulders or Traps),YES,89ed34dc-1537-4378-852a-a708bc49d83e,Lever Shrug (bench Press Machine),Chest,"Flat Bench, Lever Machine",['Chest'],"['Triceps', 'Front Delts']","Build a stronger back with this pressing movement targeting your chest. Secondary activation of your triceps, front delts provides additional muscle engagement. The machine guides your movement path for safer, more controlled repetitions. A strong back improves posture, prevents injury, and balances pressing movements.",12211201,12211201-Lever-Shrug-(Bench-Press-Machine)_Back_.mp4,male,False,2025-12-03T23:26:21.995567+00:00,"1. Adjust the machine settings (seat height, weight, pads) to fit your body for Lever Shrug. 2. Lower the weight toward your chest with control. 3. Press the weight up until your arms are extended (don't lock elbows). 4. Complete all reps with control before resting.",,,,,,1,,10,10,,4,,,,,5,8,,8,,True,,Strength,93,7,9,True,False,bench_press,Lever Shrug,"incline_press, decline_press, chest_fly, push_up, dip",False,machine,False,4,120,4,80,75,20,88
SUGGESTED_FIX,,,89ed34dc-1537-4378-852a-a708bc49d83e,Lever Shrug (bench Press Machine),Shoulders,"Flat Bench, Lever Machine",['Traps'],"['Triceps', 'Front Delts']","Build a stronger back with this pressing movement targeting your chest. Secondary activation of your triceps, front delts provides additional muscle engagement. The machine guides your movement path for safer, more controlled repetitions. A strong back improves posture, prevents injury, and balances pressing movements.",12211201,12211201-Lever-Shrug-(Bench-Press-Machine)_Back_.mp4,male,False,2025-12-03T23:26:21.995567+00:00,"1. Adjust the machine settings (seat height, weight, pads) to fit your body for Lever Shrug. 2. Lower the weight toward your chest with control. 3. Press the weight up until your arms are extended (don't lock elbows). 4. Complete all reps with control before resting.",,,,,,1,,10,10,,4,,,,,5,8,,8,,True,,Strength,93,7,9,True,False,bench_press,Lever Shrug,"incline_press, decline_press, chest_fly, push_up, dip",False,machine,False,4,120,4,80,75,20,88
ORIGINAL,CATEGORY: Tricep exercise should be in Triceps category,YES,3d66dc8c-4e2b-44f3-933e-fac5b3f1c81f,Triceps Extension Push Up (TRX),Chest,TRX,['Triceps'],"['Triceps', 'Front Delts']","Build stronger triceps with this pushing exercise for bigger arms. Secondary activation of your triceps, front delts provides additional muscle engagement. The TRX allows you to adjust difficulty by changing your body angle. Dedicated arm training builds both strength and muscular definition.",11491201,11491201-Suspender-Triceps-Extension-Push-Up-(female)_Upper.mp4,female,False,2025-12-03T23:26:39.623429+00:00,"1. Adjust the TRX/suspension straps to the appropriate length for Suspender Triceps Extension Push Up. 2. Keep your body in a straight line from head to heels throughout. 3. Lower your chest toward the floor by bending your elbows. 4. Push through your palms to return to the starting position. 5. Continue for your target rep count, maintaining good form throughout.",,,,,,2,,7,7,,5,,,,,8,12,,6,,True,,Strength,70,7,8,True,True,tricep_extension,Suspender Triceps Extension Push Up,"tricep_pushdown, close_grip_bench",True,suspension,False,3,90,4,68,85,85,70
SUGGESTED_FIX,,,3d66dc8c-4e2b-44f3-933e-fac5b3f1c81f,Triceps Extension Push Up (TRX),Triceps,TRX,['Triceps'],"['Triceps', 'Front Delts']","Build stronger triceps with this pushing exercise for bigger arms. Secondary activation of your triceps, front delts provides additional muscle engagement. The TRX allows you to adjust difficulty by changing your body angle. Dedicated arm training builds both strength and muscular definition.",11491201,11491201-Suspender-Triceps-Extension-Push-Up-(female)_Upper.mp4,female,False,2025-12-03T23:26:39.623429+00:00,"1. Adjust the TRX/suspension straps to the appropriate length for Suspender Triceps Extension Push Up. 2. Keep your body in a straight line from head to heels throughout. 3. Lower your chest toward the floor by bending your elbows. 4. Push through your palms to return to the starting position. 5. Continue for your target rep count, maintaining good form throughout.",,,,,,2,,7,7,,5,,,,,8,12,,6,,True,,Strength,70,7,8,True,True,tricep_extension,Suspender Triceps Extension Push Up,"tricep_pushdown, close_grip_bench",True,suspension,False,3,90,4,68,85,85,70
ORIGINAL,MUSCLE: Calf exercise incorrectly labeled as Chest,YES,33a38a30-477e-4780-ba3a-ae97fa05ee89,Lever Calf Raise (bench Press Machine),Legs,"Flat Bench, Calf Raise Machine",['Chest'],"['Triceps', 'Front Delts']","The Lever Calf Raise (bench Press Machine) isolates your calf muscles through a pressing motion. You'll also feel your triceps, front delts working to support the movement. The fixed path allows you to focus purely on muscular effort. Strong legs are the foundation for athletic performance and functional fitness.",12201201,12201201-Lever-Calf-Raise-(Bench-Press-Machine)_Calves_.mp4,male,False,2025-12-03T23:26:25.87243+00:00,"1. Adjust the machine settings (seat height, weight, pads) to fit your body for Lever Calf Raise. 2. Lower the weight toward your chest with control. 3. Press the weight up until your arms are extended (don't lock elbows). 4. Repeat for the prescribed number of repetitions.",,,,,,1,,5,7,,6,,,,,12,20,,4,,True,,Strength,100,5,7,False,True,bench_press,Lever Calf Raise,"incline_press, decline_press, chest_fly, push_up, dip",False,machine,False,3,60,2,80,75,20,88
SUGGESTED_FIX,,,33a38a30-477e-4780-ba3a-ae97fa05ee89,Lever Calf Raise (bench Press Machine),Legs,"Flat Bench, Calf Raise Machine",['Calves'],"['Triceps', 'Front Delts']","The Lever Calf Raise (bench Press Machine) isolates your calf muscles through a pressing motion. You'll also feel your triceps, front delts working to support the movement. The fixed path allows you to focus purely on muscular effort. Strong legs are the foundation for athletic performance and functional fitness.",12201201,12201201-Lever-Calf-Raise-(Bench-Press-Machine)_Calves_.mp4,male,False,2025-12-03T23:26:25.87243+00:00,"1. Adjust the machine settings (seat height, weight, pads) to fit your body for Lever Calf Raise. 2. Lower the weight toward your chest with control. 3. Press the weight up until your arms are extended (don't lock elbows). 4. Repeat for the prescribed number of repetitions.",,,,,,1,,5,7,,6,,,,,12,20,,4,,True,,Strength,100,5,7,False,True,bench_press,Lever Calf Raise,"incline_press, decline_press, chest_fly, push_up, dip",False,machine,False,3,60,2,80,75,20,88
ORIGINAL,CATEGORY: Tricep exercise should be in Triceps category,YES,6ca9ff8a-5190-45d3-ba87-a099f5cf2758,Side Lying Single Arm Triceps Push Up,Chest,Bodyweight,['Triceps'],"['Triceps', 'Front Delts']","The Side Lying Single Arm Triceps Push Up is an arm pushing exercise targeting your chest. You'll also feel your triceps, front delts working to support the movement. Performing this lying down removes momentum for stricter form. No equipment needed—your body provides all the resistance. Dedicated arm training builds both strength and muscular definition.",69211201,69211201-Side-Lying-Single-Arm-Triceps-Push-up-(male)_Upper.mp4,male,False,2025-12-03T23:26:28.52454+00:00,"1. Lie on your side with your body aligned. 2. Keep your body in a straight line from head to heels throughout. 3. Lower your chest toward the floor by bending your elbows. 4. Push through your palms to return to the starting position. 5. Complete all reps on one side, then switch to the other side. 6. Complete all reps with control before resting.",,,,,,3,,7,7,,5,Lying,,,,8,12,,6,,True,,Strength,65,7,8,True,True,push_up,Side Lying Single Arm Triceps Push Up,"bench_press, chest_fly, dip",True,bodyweight,False,3,90,4,70,88,95,65
SUGGESTED_FIX,,,6ca9ff8a-5190-45d3-ba87-a099f5cf2758,Side Lying Single Arm Triceps Push Up,Triceps,Bodyweight,['Triceps'],"['Triceps', 'Front Delts']","The Side Lying Single Arm Triceps Push Up is an arm pushing exercise targeting your chest. You'll also feel your triceps, front delts working to support the movement. Performing this lying down removes momentum for stricter form. No equipment needed—your body provides all the resistance. Dedicated arm training builds both strength and muscular definition.",69211201,69211201-Side-Lying-Single-Arm-Triceps-Push-up-(male)_Upper.mp4,male,False,2025-12-03T23:26:28.52454+00:00,"1. Lie on your side with your body aligned. 2. Keep your body in a straight line from head to heels throughout. 3. Lower your chest toward the floor by bending your elbows. 4. Push through your palms to return to the starting position. 5. Complete all reps on one side, then switch to the other side. 6. Complete all reps with control before resting.",,,,,,3,,7,7,,5,Lying,,,,8,12,,6,,True,,Strength,65,7,8,True,True,push_up,Side Lying Single Arm Triceps Push Up,"bench_press, chest_fly, dip",True,bodyweight,False,3,90,4,70,88,95,65
ORIGINAL,MUSCLE: Calf exercise missing Calves as primary,YES,6de36bf8-e619-4ba4-9792-53f78f97c544,Goblet Squat With Calf Raise (Dumbbell),Legs,Dumbbells,['Quads'],"['Glutes', 'Hamstrings']","Build stronger calves with this targeted squatting exercise. The glutes, hamstrings assist throughout the movement, making this a well-rounded exercise. Dumbbells allow each arm to work independently, helping correct imbalances. Strong legs are the foundation for athletic performance and functional fitness.",74691201,74691201-Dumbbell-Goblet-Squat-with-Calf-Raise_Thighs_.mp4,male,False,2025-12-03T23:26:25.233728+00:00,"1. Select a pair of dumbbells at an appropriate weight for Dumbbell Goblet Squat With Calf Raise. 2. Push your hips back and bend your knees to lower your body. 3. Keep your chest up and knees tracking over your toes. 4. Drive through your heels to stand back up, squeezing your glutes at the top. 5. Continue for your target rep count, maintaining good form throughout.",Squat,,,,,2,,5,7,,6,,,,,12,20,,4,,True,,Strength,100,5,7,False,True,goblet_squat,Goblet Squat With Calf Raise,"squat, front_squat, lunge",True,dumbbell,False,3,60,2,92,90,92,90
SUGGESTED_FIX,,,6de36bf8-e619-4ba4-9792-53f78f97c544,Goblet Squat With Calf Raise (Dumbbell),Legs,Dumbbells,['Calves'],"['Glutes', 'Hamstrings']","Build stronger calves with this targeted squatting exercise. The glutes, hamstrings assist throughout the movement, making this a well-rounded exercise. Dumbbells allow each arm to work independently, helping correct imbalances. Strong legs are the foundation for athletic performance and functional fitness.",74691201,74691201-Dumbbell-Goblet-Squat-with-Calf-Raise_Thighs_.mp4,male,False,2025-12-03T23:26:25.233728+00:00,"1. Select a pair of dumbbells at an appropriate weight for Dumbbell Goblet Squat With Calf Raise. 2. Push your hips back and bend your knees to lower your body. 3. Keep your chest up and knees tracking over your toes. 4. Drive through your heels to stand back up, squeezing your glutes at the top. 5. Continue for your target rep count, maintaining good form throughout.",Squat,,,,,2,,5,7,,6,,,,,12,20,,4,,True,,Strength,100,5,7,False,True,goblet_squat,Goblet Squat With Calf Raise,"squat, front_squat, lunge",True,dumbbell,False,3,60,2,92,90,92,90
ORIGINAL,MUSCLE: Calf exercise missing Calves as primary,YES,c9878350-e276-4cbc-9440-b8ec316daf5e,Lever Seated Single Leg Squat Calf Raise On Leg Press Machine,Legs,"Leg Press Machine, Calf Raise Machine",['Quads'],"['Glutes', 'Hamstrings']","Build stronger calves with this targeted pressing exercise. Secondary activation of your glutes, hamstrings provides additional muscle engagement. Being seated provides stability, allowing you to focus on the working muscles. The machine guides your movement path for safer, more controlled repetitions. Leg training boosts metabolism and builds functional, real-world strength.",71091201,71091201-Lever-Seated-Single-Leg-Squat-Calf-Raise-on-Leg-Press-Machine-(female)_Calves_.mp4,female,False,2025-12-03T23:26:34.855778+00:00,"1. Adjust the machine settings (seat height, weight, pads) to fit your body for Lever Seated Single Leg Squat Calf Raise On Leg Press Machine. 2. Sit with your back supported, core engaged, feet flat on the floor. 3. Position your feet on the platform and release the safety. 4. Lower the weight by bending your knees, then press back up powerfully. 5. Complete all reps on one side, then switch to the other side. 6. Continue for your target rep count, maintaining good form throughout.",Squat,,,,,1,,5,7,,6,Seated,,,,12,20,,4,,True,,Strength,100,5,7,False,True,pistol_squat,Lever Seated Single Leg Squat Calf Raise On Leg Press,"squat, bench_press, deadlift",False,machine,False,3,60,2,80,75,20,88
SUGGESTED_FIX,,,c9878350-e276-4cbc-9440-b8ec316daf5e,Lever Seated Single Leg Squat Calf Raise On Leg Press Machine,Legs,"Leg Press Machine, Calf Raise Machine",['Calves'],"['Glutes', 'Hamstrings']","Build stronger calves with this targeted pressing exercise. Secondary activation of your glutes, hamstrings provides additional muscle engagement. Being seated provides stability, allowing you to focus on the working muscles. The machine guides your movement path for safer, more controlled repetitions. Leg training boosts metabolism and builds functional, real-world strength.",71091201,71091201-Lever-Seated-Single-Leg-Squat-Calf-Raise-on-Leg-Press-Machine-(female)_Calves_.mp4,female,False,2025-12-03T23:26:34.855778+00:00,"1. Adjust the machine settings (seat height, weight, pads) to fit your body for Lever Seated Single Leg Squat Calf Raise On Leg Press Machine. 2. Sit with your back supported, core engaged, feet flat on the floor. 3. Position your feet on the platform and release the safety. 4. Lower the weight by bending your knees, then press back up powerfully. 5. Complete all reps on one side, then switch to the other side. 6. Continue for your target rep count, maintaining good form throughout.",Squat,,,,,1,,5,7,,6,Seated,,,,12,20,,4,,True,,Strength,100,5,7,False,True,pistol_squat,Lever Seated Single Leg Squat Calf Raise On Leg Press,"squat, bench_press, deadlift",False,machine,False,3,60,2,80,75,20,88
ORIGINAL,MUSCLE: Calf exercise missing Calves as primary,YES,2fb74bbb-317d-4820-b4ad-88b16ea83e85,Calf Forward Jump,Legs,Bodyweight,['Quads'],"['Glutes', 'Calves']","A challenging plyometric exercise, the Calf Forward Jump builds reactive power and improves conditioning. Your quads, calves work as secondary movers, adding to the training stimulus. A versatile bodyweight movement perfect for home or gym training. Great for improving athletic performance, burning calories, and building conditioning.",107561201,107561201-Calf-Forward-Jump-(female)_Plyometrics_.mp4,female,False,2025-12-03T23:26:32.166461+00:00,"1. Set up in the starting position for Calf Forward Jump. 2. Execute the movement with proper form, focusing on your full body. 3. Control both the lifting and lowering phases of the movement. 4. Complete all reps with control before resting.",,,,,,3,,5,4,,8,,,,,8,12,,7,,True,,Plyometrics,50,9,8,True,True,general_exercise,Calf Forward Jump,"squat, bench_press, deadlift",False,bodyweight,False,3,60,4,70,88,95,65
SUGGESTED_FIX,,,2fb74bbb-317d-4820-b4ad-88b16ea83e85,Calf Forward Jump,Legs,Bodyweight,['Calves'],"['Glutes', 'Calves']","A challenging plyometric exercise, the Calf Forward Jump builds reactive power and improves conditioning. Your quads, calves work as secondary movers, adding to the training stimulus. A versatile bodyweight movement perfect for home or gym training. Great for improving athletic performance, burning calories, and building conditioning.",107561201,107561201-Calf-Forward-Jump-(female)_Plyometrics_.mp4,female,False,2025-12-03T23:26:32.166461+00:00,"1. Set up in the starting position for Calf Forward Jump. 2. Execute the movement with proper form, focusing on your full body. 3. Control both the lifting and lowering phases of the movement. 4. Complete all reps with control before resting.",,,,,,3,,5,4,,8,,,,,8,12,,7,,True,,Plyometrics,50,9,8,True,True,general_exercise,Calf Forward Jump,"squat, bench_press, deadlift",False,bodyweight,False,3,60,4,70,88,95,65
ORIGINAL,MUSCLE: Calf exercise missing Calves as primary,YES,388bca5c-a22d-4df6-8072-d8704b8627e8,Calf Side To Side Jump,Legs,Bodyweight,['Quads'],"['Glutes', 'Calves']","Build power and athleticism with this high-intensity jumping exercise that challenges your entire body. The quads, calves assist throughout the movement, making this a well-rounded exercise. This bodyweight exercise requires no equipment and can be done anywhere. Plyometric training builds explosive power that transfers to sports and daily activities.",107571201,107571201-Calf-Side-to-Side-Jump-(female)_Plyometrics_.mp4,female,False,2025-12-03T23:26:32.166461+00:00,"1. Set up in the starting position for Calf Side To Side Jump. 2. Execute the movement with proper form, focusing on your full body. 3. Control both the lifting and lowering phases of the movement. 4. Repeat for the prescribed number of repetitions.",,,,,,3,,5,4,,8,,,,,8,12,,7,,True,,Plyometrics,50,9,8,True,True,general_exercise,Calf Side To Side Jump,"squat, bench_press, deadlift",False,bodyweight,False,3,60,4,70,88,95,65
SUGGESTED_FIX,,,388bca5c-a22d-4df6-8072-d8704b8627e8,Calf Side To Side Jump,Legs,Bodyweight,['Calves'],"['Glutes', 'Calves']","Build power and athleticism with this high-intensity jumping exercise that challenges your entire body. The quads, calves assist throughout the movement, making this a well-rounded exercise. This bodyweight exercise requires no equipment and can be done anywhere. Plyometric training builds explosive power that transfers to sports and daily activities.",107571201,107571201-Calf-Side-to-Side-Jump-(female)_Plyometrics_.mp4,female,False,2025-12-03T23:26:32.166461+00:00,"1. Set up in the starting position for Calf Side To Side Jump. 2. Execute the movement with proper form, focusing on your full body. 3. Control both the lifting and lowering phases of the movement. 4. Repeat for the prescribed number of repetitions.",,,,,,3,,5,4,,8,,,,,8,12,,7,,True,,Plyometrics,50,9,8,True,True,general_exercise,Calf Side To Side Jump,"squat, bench_press, deadlift",False,bodyweight,False,3,60,4,70,88,95,65
ORIGINAL,MUSCLE: Glute exercise incorrectly labeled as Chest,YES,845b329a-a48e-43b9-a68f-9dc98357fbd5,Glute Bridge Chest Press (Dumbbell),Chest,Dumbbells,"['Glutes', 'Chest']","['Triceps', 'Front Delts']","This pressing exercise focuses on your pectorals for improved chest strength and development. The hamstrings assist throughout the movement, making this a well-rounded exercise. The dumbbell variation provides freedom of movement and greater range of motion. Chest strength improves pushing power for sports, daily tasks, and other lifts.",79941201,79941201-Dumbbell-Glute-Bridge-Chest-Press-(male)_Chest_.mp4,male,False,2025-12-03T23:26:24.831811+00:00,"1. Select a pair of dumbbells at an appropriate weight for Dumbbell Glute Bridge Chest Press. 2. Lower the weight toward your chest with control. 3. Press the weight up until your arms are extended (don't lock elbows). 4. Continue for your target rep count, maintaining good form throughout.",,,,,,3,,7,8,,5,,,,,8,12,,6,,True,,Strength,82,7,8,True,True,glute_bridge,Glute Bridge Chest Press,"hip_thrust, romanian_deadlift",False,dumbbell,False,3,90,4,92,90,92,90
SUGGESTED_FIX,,,845b329a-a48e-43b9-a68f-9dc98357fbd5,Glute Bridge Chest Press (Dumbbell),Chest,Dumbbells,['Glutes'],"['Triceps', 'Front Delts']","This pressing exercise focuses on your pectorals for improved chest strength and development. The hamstrings assist throughout the movement, making this a well-rounded exercise. The dumbbell variation provides freedom of movement and greater range of motion. Chest strength improves pushing power for sports, daily tasks, and other lifts.",79941201,79941201-Dumbbell-Glute-Bridge-Chest-Press-(male)_Chest_.mp4,male,False,2025-12-03T23:26:24.831811+00:00,"1. Select a pair of dumbbells at an appropriate weight for Dumbbell Glute Bridge Chest Press. 2. Lower the weight toward your chest with control. 3. Press the weight up until your arms are extended (don't lock elbows). 4. Continue for your target rep count, maintaining good form throughout.",,,,,,3,,7,8,,5,,,,,8,12,,6,,True,,Strength,82,7,8,True,True,glute_bridge,Glute Bridge Chest Press,"hip_thrust, romanian_deadlift",False,dumbbell,False,3,90,4,92,90,92,90
ORIGINAL,MUSCLE: Squat incorrectly labeled as Chest (should be Quads/Glutes),YES,4a5f0173-5a3e-4aee-a71f-179527378ff7,Chest Fly Plyo Squat,Legs,Bodyweight,['Chest'],['Front Delts'],"Build stronger quads with this squatting movement that develops leg drive and power. Your front delts work as secondary movers, adding to the training stimulus. A versatile bodyweight movement perfect for home or gym training. Strong legs are the foundation for athletic performance and functional fitness.",60851201,60851201-Chest-Fly-Plyo-Squat-(female)_Hips_.mp4,female,False,2025-12-03T23:26:32.166461+00:00,"1. With a slight bend in your elbows, move the weight in a wide arc. 2. Squeeze your chest muscles at the center/top of the movement. 3. Return with control, feeling the stretch at the bottom. 4. Repeat for the prescribed number of repetitions. Ensure full range of motion on each rep.",Squat,,,,,3,,5,4,,8,,,,,8,12,,7,,True,,Plyometrics,100,9,8,True,True,chest_fly,Chest Fly Plyo Squat,"bench_press, incline_press, push_up",False,bodyweight,False,3,60,4,70,88,95,65
SUGGESTED_FIX,,,4a5f0173-5a3e-4aee-a71f-179527378ff7,Chest Fly Plyo Squat,Legs,Bodyweight,"['Quads', 'Glutes']",['Front Delts'],"Build stronger quads with this squatting movement that develops leg drive and power. Your front delts work as secondary movers, adding to the training stimulus. A versatile bodyweight movement perfect for home or gym training. Strong legs are the foundation for athletic performance and functional fitness.",60851201,60851201-Chest-Fly-Plyo-Squat-(female)_Hips_.mp4,female,False,2025-12-03T23:26:32.166461+00:00,"1. With a slight bend in your elbows, move the weight in a wide arc. 2. Squeeze your chest muscles at the center/top of the movement. 3. Return with control, feeling the stretch at the bottom. 4. Repeat for the prescribed number of repetitions. Ensure full range of motion on each rep.",Squat,,,,,3,,5,4,,8,,,,,8,12,,7,,True,,Plyometrics,100,9,8,True,True,chest_fly,Chest Fly Plyo Squat,"bench_press, incline_press, push_up",False,bodyweight,False,3,60,4,70,88,95,65
ORIGINAL,MUSCLE: Calf exercise missing Calves as primary,YES,02ae2237-26d7-4ab3-b036-15cb7cbb8c9b,Chair Squat Calf Rock,Legs,Chair,['Quads'],"['Glutes', 'Hamstrings']","This squatting movement focuses on your gastrocnemius and soleus. Your glutes, hamstrings work as secondary movers, adding to the training stimulus. Leg training boosts metabolism and builds functional, real-world strength.",89481201,89481201-Chair-Squat-Calf-Rock-(male)_Calves_.mp4,male,False,2025-12-03T23:26:20.667107+00:00,"1. Position yourself with a sturdy chair for support or as part of the movement. 2. Push your hips back and bend your knees to lower your body. 3. Keep your chest up and knees tracking over your toes. 4. Drive through your heels to stand back up, squeezing your glutes at the top. 5. Complete all reps with control before resting. Keep the movement smooth and controlled.",Squat,,,,,3,,5,7,,6,,,,,12,20,,4,,True,,Strength,70,5,7,False,True,squat,Chair Squat Calf Rock,"leg_press, front_squat, goblet_squat, lunge, leg_extension",False,bodyweight,False,3,60,2,70,88,95,65
SUGGESTED_FIX,,,02ae2237-26d7-4ab3-b036-15cb7cbb8c9b,Chair Squat Calf Rock,Legs,Chair,['Calves'],"['Glutes', 'Hamstrings']","This squatting movement focuses on your gastrocnemius and soleus. Your glutes, hamstrings work as secondary movers, adding to the training stimulus. Leg training boosts metabolism and builds functional, real-world strength.",89481201,89481201-Chair-Squat-Calf-Rock-(male)_Calves_.mp4,male,False,2025-12-03T23:26:20.667107+00:00,"1. Position yourself with a sturdy chair for support or as part of the movement. 2. Push your hips back and bend your knees to lower your body. 3. Keep your chest up and knees tracking over your toes. 4. Drive through your heels to stand back up, squeezing your glutes at the top. 5. Complete all reps with control before resting. Keep the movement smooth and controlled.",Squat,,,,,3,,5,7,,6,,,,,12,20,,4,,True,,Strength,70,5,7,False,True,squat,Chair Squat Calf Rock,"leg_press, front_squat, goblet_squat, lunge, leg_extension",False,bodyweight,False,3,60,2,70,88,95,65
ORIGINAL,MUSCLE: Lunge incorrectly labeled as Chest (should be Quads/Glutes),YES,4b0d7d0f-7f86-4a28-9422-6f43251f28db,Push Up Alternate Rear Lunge (Against Wall),Legs,Wall,['Chest'],"['Triceps', 'Front Delts']","Target your chest with the Push Up Alternate Rear Lunge Against Wall, an effective pushing movement for upper body strength. The triceps, front delts assist throughout the movement, making this a well-rounded exercise. Chest strength improves pushing power for sports, daily tasks, and other lifts.",76791201,76791201-Push-up-Alternate-Rear-Lunge-against-Wall-(male)_C.mp4,male,False,2025-12-03T23:26:22.755209+00:00,1. Position yourself at the appropriate distance from a wall. 2. Keep your body in a straight line from head to heels throughout. 3. Lower your chest toward the floor by bending your elbows. 4. Push through your palms to return to the starting position. 5. Complete all reps with control before resting. Control the movement—avoid using momentum.,,,,,,2,,7,7,,5,,,,,8,12,,6,,True,,Strength,62,7,8,True,True,push_up,Push Up Alternate Rear Lunge Against Wall,"bench_press, chest_fly, dip",True,bodyweight,False,3,90,4,70,88,95,65
SUGGESTED_FIX,,,4b0d7d0f-7f86-4a28-9422-6f43251f28db,Push Up Alternate Rear Lunge (Against Wall),Legs,Wall,"['Quads', 'Glutes']","['Triceps', 'Front Delts']","Target your chest with the Push Up Alternate Rear Lunge Against Wall, an effective pushing movement for upper body strength. The triceps, front delts assist throughout the movement, making this a well-rounded exercise. Chest strength improves pushing power for sports, daily tasks, and other lifts.",76791201,76791201-Push-up-Alternate-Rear-Lunge-against-Wall-(male)_C.mp4,male,False,2025-12-03T23:26:22.755209+00:00,1. Position yourself at the appropriate distance from a wall. 2. Keep your body in a straight line from head to heels throughout. 3. Lower your chest toward the floor by bending your elbows. 4. Push through your palms to return to the starting position. 5. Complete all reps with control before resting. Control the movement—avoid using momentum.,,,,,,2,,7,7,,5,,,,,8,12,,6,,True,,Strength,62,7,8,True,True,push_up,Push Up Alternate Rear Lunge Against Wall,"bench_press, chest_fly, dip",True,bodyweight,False,3,90,4,70,88,95,65
ORIGINAL,MUSCLE: Calf exercise missing Calves as primary,YES,3c359332-66e0-48fe-a004-6a659e98bd69,Squat Hold Calf Raise (Dumbbell),Legs,Dumbbells,['Quads'],"['Glutes', 'Hamstrings']","Build stronger calves with this targeted squatting exercise. The glutes, hamstrings assist throughout the movement, making this a well-rounded exercise. Dumbbells allow each arm to work independently, helping correct imbalances. Leg training boosts metabolism and builds functional, real-world strength.",45631201,45631201-Dumbbell-Squat-Hold-Calf-Raise_Calves_.mp4,male,False,2025-12-03T23:26:26.39056+00:00,"1. Select a pair of dumbbells at an appropriate weight for Dumbbell Squat Hold Calf Raise. 2. Push your hips back and bend your knees to lower your body. 3. Keep your chest up and knees tracking over your toes. 4. Drive through your heels to stand back up, squeezing your glutes at the top. 5. Hold the position for the prescribed time, maintaining tension.",Squat,,,,,3,,5,7,,6,,,,,12,20,,4,,True,,Strength,100,5,7,False,True,calf_raise,Squat Hold Calf Raise,"leg_press, leg_extension, leg_curl, lunge, front_squat, hack_squat",False,dumbbell,True,3,60,2,92,90,92,90
SUGGESTED_FIX,,,3c359332-66e0-48fe-a004-6a659e98bd69,Squat Hold Calf Raise (Dumbbell),Legs,Dumbbells,['Calves'],"['Glutes', 'Hamstrings']","Build stronger calves with this targeted squatting exercise. The glutes, hamstrings assist throughout the movement, making this a well-rounded exercise. Dumbbells allow each arm to work independently, helping correct imbalances. Leg training boosts metabolism and builds functional, real-world strength.",45631201,45631201-Dumbbell-Squat-Hold-Calf-Raise_Calves_.mp4,male,False,2025-12-03T23:26:26.39056+00:00,"1. Select a pair of dumbbells at an appropriate weight for Dumbbell Squat Hold Calf Raise. 2. Push your hips back and bend your knees to lower your body. 3. Keep your chest up and knees tracking over your toes. 4. Drive through your heels to stand back up, squeezing your glutes at the top. 5. Hold the position for the prescribed time, maintaining tension.",Squat,,,,,3,,5,7,,6,,,,,12,20,,4,,True,,Strength,100,5,7,False,True,calf_raise,Squat Hold Calf Raise,"leg_press, leg_extension, leg_curl, lunge, front_squat, hack_squat",False,dumbbell,True,3,60,2,92,90,92,90
ORIGINAL,MUSCLE: Calf exercise missing Calves as primary,YES,bf75b422-a1da-4f48-b4df-2d3c305e0789,Chair Squat Calf Rock,Legs,Chair,['Quads'],"['Glutes', 'Hamstrings']","The Chair Squat Calf Rock isolates your calf muscles through a squatting motion. Secondary activation of your glutes, hamstrings provides additional muscle engagement. Strong legs are the foundation for athletic performance and functional fitness.",87571201,87571201-Chair-Squat-Calf-Rock-(female)_Calves_.mp4,female,False,2025-12-03T23:26:32.166461+00:00,"1. Position yourself with a sturdy chair for support or as part of the movement. 2. Push your hips back and bend your knees to lower your body. 3. Keep your chest up and knees tracking over your toes. 4. Drive through your heels to stand back up, squeezing your glutes at the top. 5. Repeat for the prescribed number of repetitions. Focus on the mind-muscle connection.",Squat,,,,,3,,5,7,,6,,,,,12,20,,4,,True,,Strength,70,5,7,False,True,squat,Chair Squat Calf Rock,"leg_press, front_squat, goblet_squat, lunge, leg_extension",False,bodyweight,False,3,60,2,70,88,95,65
SUGGESTED_FIX,,,bf75b422-a1da-4f48-b4df-2d3c305e0789,Chair Squat Calf Rock,Legs,Chair,['Calves'],"['Glutes', 'Hamstrings']","The Chair Squat Calf Rock isolates your calf muscles through a squatting motion. Secondary activation of your glutes, hamstrings provides additional muscle engagement. Strong legs are the foundation for athletic performance and functional fitness.",87571201,87571201-Chair-Squat-Calf-Rock-(female)_Calves_.mp4,female,False,2025-12-03T23:26:32.166461+00:00,"1. Position yourself with a sturdy chair for support or as part of the movement. 2. Push your hips back and bend your knees to lower your body. 3. Keep your chest up and knees tracking over your toes. 4. Drive through your heels to stand back up, squeezing your glutes at the top. 5. Repeat for the prescribed number of repetitions. Focus on the mind-muscle connection.",Squat,,,,,3,,5,7,,6,,,,,12,20,,4,,True,,Strength,70,5,7,False,True,squat,Chair Squat Calf Rock,"leg_press, front_squat, goblet_squat, lunge, leg_extension",False,bodyweight,False,3,60,2,70,88,95,65
ORIGINAL,CATEGORY: Bicep Curl exercise should be in Biceps category,YES,bba3b2b1-21bf-443c-95ec-8de43d1a6476,Biceps Curl Squat (Dumbbell),Legs,Dumbbells,"['Quads', 'Glutes', 'Biceps']",['Forearms'],"Build stronger quads with this curling movement that develops leg drive and power. Your glutes, hamstrings work as secondary movers, adding to the training stimulus. The dumbbell variation provides freedom of movement and greater range of motion. Leg training boosts metabolism and builds functional, real-world strength.",106481201,106481201-Dumbbell-Biceps-Curl-Squat-(male)_Thighs_.mp4,male,False,2025-12-03T23:26:24.099303+00:00,"1. Select a pair of dumbbells at an appropriate weight for Dumbbell Biceps Curl Squat. 2. Keep your elbows in a fixed position throughout the movement. 3. Curl the weight up by contracting your biceps, squeezing at the top. 4. Lower with control, resisting the weight on the way down. 5. Repeat for the prescribed number of repetitions.",Squat,,,,,2,,10,10,,4,,,,,5,8,,9,,True,,Strength,100,7,9,True,False,bicep_curl,Biceps Curl Squat,"hammer_curl, preacher_curl, cable_curl",True,dumbbell,False,4,120,5,92,90,92,90
SUGGESTED_FIX,,,bba3b2b1-21bf-443c-95ec-8de43d1a6476,Biceps Curl Squat (Dumbbell),Biceps,Dumbbells,"['Quads', 'Glutes', 'Biceps']",['Forearms'],"Build stronger quads with this curling movement that develops leg drive and power. Your glutes, hamstrings work as secondary movers, adding to the training stimulus. The dumbbell variation provides freedom of movement and greater range of motion. Leg training boosts metabolism and builds functional, real-world strength.",106481201,106481201-Dumbbell-Biceps-Curl-Squat-(male)_Thighs_.mp4,male,False,2025-12-03T23:26:24.099303+00:00,"1. Select a pair of dumbbells at an appropriate weight for Dumbbell Biceps Curl Squat. 2. Keep your elbows in a fixed position throughout the movement. 3. Curl the weight up by contracting your biceps, squeezing at the top. 4. Lower with control, resisting the weight on the way down. 5. Repeat for the prescribed number of repetitions.",Squat,,,,,2,,10,10,,4,,,,,5,8,,9,,True,,Strength,100,7,9,True,False,bicep_curl,Biceps Curl Squat,"hammer_curl, preacher_curl, cable_curl",True,dumbbell,False,4,120,5,92,90,92,90
ORIGINAL,CATEGORY: Bicep Curl exercise should be in Biceps category,YES,fc9a7bfc-2dc6-4888-84cb-9faeefa9df9b,Rear Lunge Biceps Curl (Dumbbell),Legs,Dumbbells,"['Quads', 'Glutes', 'Hamstrings', 'Biceps']",['Forearms'],"Build stronger quads with this curling movement that develops leg drive and power. Secondary activation of your glutes, hamstrings provides additional muscle engagement. The dumbbell variation provides freedom of movement and greater range of motion. Strong legs are the foundation for athletic performance and functional fitness.",104351201,104351201-Dumbbell-Rear-Lunge-Biceps-Curl-(male)_Thighs_.mp4,male,False,2025-12-03T23:26:24.422129+00:00,"1. Select a pair of dumbbells at an appropriate weight for Dumbbell Rear Lunge Biceps Curl. 2. Keep your elbows in a fixed position throughout the movement. 3. Curl the weight up by contracting your biceps, squeezing at the top. 4. Lower with control, resisting the weight on the way down. 5. Repeat for the prescribed number of repetitions.",,,,,,2,,7,8,,5,,,,,8,12,,6,,True,,Strength,92,7,8,True,True,bicep_curl,Rear Lunge Biceps Curl,"hammer_curl, preacher_curl, cable_curl",True,dumbbell,False,3,90,4,92,90,92,90
SUGGESTED_FIX,,,fc9a7bfc-2dc6-4888-84cb-9faeefa9df9b,Rear Lunge Biceps Curl (Dumbbell),Biceps,Dumbbells,"['Quads', 'Glutes', 'Hamstrings', 'Biceps']",['Forearms'],"Build stronger quads with this curling movement that develops leg drive and power. Secondary activation of your glutes, hamstrings provides additional muscle engagement. The dumbbell variation provides freedom of movement and greater range of motion. Strong legs are the foundation for athletic performance and functional fitness.",104351201,104351201-Dumbbell-Rear-Lunge-Biceps-Curl-(male)_Thighs_.mp4,male,False,2025-12-03T23:26:24.422129+00:00,"1. Select a pair of dumbbells at an appropriate weight for Dumbbell Rear Lunge Biceps Curl. 2. Keep your elbows in a fixed position throughout the movement. 3. Curl the weight up by contracting your biceps, squeezing at the top. 4. Lower with control, resisting the weight on the way down. 5. Repeat for the prescribed number of repetitions.",,,,,,2,,7,8,,5,,,,,8,12,,6,,True,,Strength,92,7,8,True,True,bicep_curl,Rear Lunge Biceps Curl,"hammer_curl, preacher_curl, cable_curl",True,dumbbell,False,3,90,4,92,90,92,90
ORIGINAL,MUSCLE: Calf exercise missing Calves as primary,YES,dadcf9f1-9af6-4bc7-88e5-ef897ab104ec,Calf Jump,Legs,Bodyweight,['Quads'],"['Glutes', 'Calves']","The Calf Jump is an explosive exercise that combines cardiovascular training with dynamic jumping movements. Your quads, calves work as secondary movers, adding to the training stimulus. No equipment needed—your body provides all the resistance. Plyometric training builds explosive power that transfers to sports and daily activities.",107511201,107511201-Calf-Jump-(female)_Plyometrics_.mp4,female,False,2025-12-03T23:26:32.166461+00:00,"1. Set up in the starting position for Calf Jump. 2. Execute the movement with proper form, focusing on your full body. 3. Control both the lifting and lowering phases of the movement. 4. Complete all reps with control before resting.",,,,,,3,,5,4,,8,,,,,8,12,,7,,True,,Plyometrics,50,9,8,True,True,general_exercise,Calf Jump,"squat, bench_press, deadlift",False,bodyweight,False,3,60,4,70,88,95,65
SUGGESTED_FIX,,,dadcf9f1-9af6-4bc7-88e5-ef897ab104ec,Calf Jump,Legs,Bodyweight,['Calves'],"['Glutes', 'Calves']","The Calf Jump is an explosive exercise that combines cardiovascular training with dynamic jumping movements. Your quads, calves work as secondary movers, adding to the training stimulus. No equipment needed—your body provides all the resistance. Plyometric training builds explosive power that transfers to sports and daily activities.",107511201,107511201-Calf-Jump-(female)_Plyometrics_.mp4,female,False,2025-12-03T23:26:32.166461+00:00,"1. Set up in the starting position for Calf Jump. 2. Execute the movement with proper form, focusing on your full body. 3. Control both the lifting and lowering phases of the movement. 4. Complete all reps with control before resting.",,,,,,3,,5,4,,8,,,,,8,12,,7,,True,,Plyometrics,50,9,8,True,True,general_exercise,Calf Jump,"squat, bench_press, deadlift",False,bodyweight,False,3,60,4,70,88,95,65
ORIGINAL,MUSCLE: Calf exercise incorrectly labeled as Chest,YES,77cff82e-c904-4210-b5f9-10df1becb83c,Sitting Incline Press Calf Raise (Chair),Legs,Chair,"['Calves', 'Chest']","['Front Delts', 'Triceps']","Target your chest with the Sitting Incline Press Calf Raise On A Chair, an effective pressing movement for upper body strength. You'll also feel your front delts, triceps working to support the movement. Being seated provides stability, allowing you to focus on the working muscles. Chest strength improves pushing power for sports, daily tasks, and other lifts.",69031201,69031201-Sitting-Incline-Press-Calf-Raise-on-a-Chair-(femal.mp4,female,False,2025-12-03T23:26:37.756436+00:00,"1. Position yourself with a sturdy chair for support or as part of the movement. 2. Sit with your back supported, core engaged, feet flat on the floor. 3. Lower the weight toward your chest with control. 4. Press the weight up until your arms are extended (don't lock elbows). 5. Continue for your target rep count, maintaining good form throughout. Focus on the mind-muscle connection.",,,,,,3,,5,7,,6,,,,,12,20,,4,,True,,Strength,68,5,7,False,True,incline_press,Sitting Incline Press Calf Raise On A Chair,"bench_press, shoulder_press, chest_fly",False,bodyweight,False,3,60,2,70,88,95,65
SUGGESTED_FIX,,,77cff82e-c904-4210-b5f9-10df1becb83c,Sitting Incline Press Calf Raise (Chair),Legs,Chair,['Calves'],"['Front Delts', 'Triceps']","Target your chest with the Sitting Incline Press Calf Raise On A Chair, an effective pressing movement for upper body strength. You'll also feel your front delts, triceps working to support the movement. Being seated provides stability, allowing you to focus on the working muscles. Chest strength improves pushing power for sports, daily tasks, and other lifts.",69031201,69031201-Sitting-Incline-Press-Calf-Raise-on-a-Chair-(femal.mp4,female,False,2025-12-03T23:26:37.756436+00:00,"1. Position yourself with a sturdy chair for support or as part of the movement. 2. Sit with your back supported, core engaged, feet flat on the floor. 3. Lower the weight toward your chest with control. 4. Press the weight up until your arms are extended (don't lock elbows). 5. Continue for your target rep count, maintaining good form throughout. Focus on the mind-muscle connection.",,,,,,3,,5,7,,6,,,,,12,20,,4,,True,,Strength,68,5,7,False,True,incline_press,Sitting Incline Press Calf Raise On A Chair,"bench_press, shoulder_press, chest_fly",False,bodyweight,False,3,60,2,70,88,95,65
ORIGINAL,MUSCLE: Glute exercise incorrectly labeled as Chest,YES,be59838d-079c-4958-96ff-1d313fe4b14d,Glute Bridge Chest Press (Bodyweight),Chest,Bodyweight,"['Glutes', 'Chest']","['Triceps', 'Front Delts']","Build a stronger chest with this pressing movement that develops pressing power. The hamstrings assist throughout the movement, making this a well-rounded exercise. No equipment needed—your body provides all the resistance. A well-developed chest contributes to upper body strength and aesthetics.",80561201,80561201-Bodyweight-Glute-Bridge-Chest-Press-(female)_Chest.mp4,female,False,2025-12-03T23:26:31.347577+00:00,1. Lower the weight toward your chest with control. 2. Press the weight up until your arms are extended (don't lock elbows). 3. Repeat for the prescribed number of repetitions. Focus on the mind-muscle connection.,,,,,,3,,7,7,,5,,,,,8,12,,6,,True,,Strength,70,7,8,True,True,glute_bridge,Glute Bridge Chest Press,"hip_thrust, romanian_deadlift",False,bodyweight,False,3,90,4,70,88,95,65
SUGGESTED_FIX,,,be59838d-079c-4958-96ff-1d313fe4b14d,Glute Bridge Chest Press (Bodyweight),Chest,Bodyweight,['Glutes'],"['Triceps', 'Front Delts']","Build a stronger chest with this pressing movement that develops pressing power. The hamstrings assist throughout the movement, making this a well-rounded exercise. No equipment needed—your body provides all the resistance. A well-developed chest contributes to upper body strength and aesthetics.",80561201,80561201-Bodyweight-Glute-Bridge-Chest-Press-(female)_Chest.mp4,female,False,2025-12-03T23:26:31.347577+00:00,1. Lower the weight toward your chest with control. 2. Press the weight up until your arms are extended (don't lock elbows). 3. Repeat for the prescribed number of repetitions. Focus on the mind-muscle connection.,,,,,,3,,7,7,,5,,,,,8,12,,6,,True,,Strength,70,7,8,True,True,glute_bridge,Glute Bridge Chest Press,"hip_thrust, romanian_deadlift",False,bodyweight,False,3,90,4,70,88,95,65
ORIGINAL,CATEGORY: Bicep Curl exercise should be in Biceps category,YES,e16030fd-6376-4271-950c-dd2861b47458,Standing Hammer Curl To Press (Dumbbell),Shoulders,Dumbbells,['Biceps'],"['Side Delts', 'Triceps']",The Dumbbell Standing Hammer Curl To Press is a pressing exercise that targets your delts for shoulder development. You'll also feel your forearms working to support the movement. Performing this standing challenges your balance and core engagement. The dumbbell variation provides freedom of movement and greater range of motion. Strong shoulders improve overhead strength and support nearly all upper body movements.,73601201,73601201-Dumbbell-Standing-Hammer-Curl-to-Press_Shoulders_.mp4,male,False,2025-12-03T23:26:24.698781+00:00,"1. Select a pair of dumbbells at an appropriate weight for Dumbbell Standing Hammer Curl To Press. 2. Stand with feet about shoulder-width apart. 3. Use a hammer/neutral grip with palms facing each other throughout. 4. Start with the weight at shoulder level. 5. Press directly overhead until your arms are fully extended. 6. Lower back to shoulder level with control. 7. Continue for your target rep count, maintaining good form throughout.",,,,,,3,,5,7,,6,Standing,,,,10,15,,4,,True,,Strength,94,5,7,False,True,hammer_curl,Standing Hammer Curl To Press,"bicep_curl, preacher_curl",False,dumbbell,False,3,60,2,92,90,92,90
SUGGESTED_FIX,,,e16030fd-6376-4271-950c-dd2861b47458,Standing Hammer Curl To Press (Dumbbell),Biceps,Dumbbells,['Biceps'],"['Side Delts', 'Triceps']",The Dumbbell Standing Hammer Curl To Press is a pressing exercise that targets your delts for shoulder development. You'll also feel your forearms working to support the movement. Performing this standing challenges your balance and core engagement. The dumbbell variation provides freedom of movement and greater range of motion. Strong shoulders improve overhead strength and support nearly all upper body movements.,73601201,73601201-Dumbbell-Standing-Hammer-Curl-to-Press_Shoulders_.mp4,male,False,2025-12-03T23:26:24.698781+00:00,"1. Select a pair of dumbbells at an appropriate weight for Dumbbell Standing Hammer Curl To Press. 2. Stand with feet about shoulder-width apart. 3. Use a hammer/neutral grip with palms facing each other throughout. 4. Start with the weight at shoulder level. 5. Press directly overhead until your arms are fully extended. 6. Lower back to shoulder level with control. 7. Continue for your target rep count, maintaining good form throughout.",,,,,,3,,5,7,,6,Standing,,,,10,15,,4,,True,,Strength,94,5,7,False,True,hammer_curl,Standing Hammer Curl To Press,"bicep_curl, preacher_curl",False,dumbbell,False,3,60,2,92,90,92,90
ORIGINAL,CATEGORY: Tricep exercise should be in Triceps category,YES,36947c0c-159f-4f76-80ef-09493dc76740,Seated Bent Arm Lateral Raise To Triceps (Dumbbell),Shoulders,"Dumbbells, Flat Bench",['Triceps'],['Traps'],"Target your lateral delts with the Dumbbell Seated Bent Arm Lateral Raise To Triceps, an effective shoulder raising exercise. Being seated provides stability, allowing you to focus on the working muscles. Using dumbbells requires more stabilization than barbell variations. Strong shoulders improve overhead strength and support nearly all upper body movements.",105101201,105101201-Dumbbell-Seated-Bent-Arm-Lateral-Raise-to-Triceps.mp4,male,False,2025-12-03T23:26:22.247914+00:00,"1. Select a pair of dumbbells at an appropriate weight for Dumbbell Seated Bent Arm Lateral Raise To Triceps. 2. Sit with your back supported, core engaged, feet flat on the floor. 3. Raise your arms out to the sides until parallel to the floor. 4. Lower with control, maintaining tension throughout. 5. Continue for your target rep count, maintaining good form throughout.",,,,,,2,,5,7,,6,Seated,,,,10,15,,4,,True,,Strength,84,5,7,False,True,lateral_raise,Seated Bent Arm Lateral Raise To Triceps,"shoulder_press, front_raise, rear_delt",True,dumbbell,False,3,60,2,92,90,92,90
SUGGESTED_FIX,,,36947c0c-159f-4f76-80ef-09493dc76740,Seated Bent Arm Lateral Raise To Triceps (Dumbbell),Triceps,"Dumbbells, Flat Bench",['Triceps'],['Traps'],"Target your lateral delts with the Dumbbell Seated Bent Arm Lateral Raise To Triceps, an effective shoulder raising exercise. Being seated provides stability, allowing you to focus on the working muscles. Using dumbbells requires more stabilization than barbell variations. Strong shoulders improve overhead strength and support nearly all upper body movements.",105101201,105101201-Dumbbell-Seated-Bent-Arm-Lateral-Raise-to-Triceps.mp4,male,False,2025-12-03T23:26:22.247914+00:00,"1. Select a pair of dumbbells at an appropriate weight for Dumbbell Seated Bent Arm Lateral Raise To Triceps. 2. Sit with your back supported, core engaged, feet flat on the floor. 3. Raise your arms out to the sides until parallel to the floor. 4. Lower with control, maintaining tension throughout. 5. Continue for your target rep count, maintaining good form throughout.",,,,,,2,,5,7,,6,Seated,,,,10,15,,4,,True,,Strength,84,5,7,False,True,lateral_raise,Seated Bent Arm Lateral Raise To Triceps,"shoulder_press, front_raise, rear_delt",True,dumbbell,False,3,60,2,92,90,92,90
ORIGINAL,CATEGORY: Bicep Curl exercise should be in Biceps category,YES,88783bbf-6352-4f6d-ba6a-31b76ac77602,Romanian Deadlift Biceps Curl Kickback (Bodyweight),Legs,Bodyweight,"['Hamstrings', 'Glutes', 'Biceps']","['Glutes', 'Lower Back']","Strengthen the back of your thighs with this curling exercise. Your glutes, lower back work as secondary movers, adding to the training stimulus. A versatile bodyweight movement perfect for home or gym training. Strong legs are the foundation for athletic performance and functional fitness.",87491201,87491201-Bodyweight-Romanian-Deadlift-Biceps-Curl-Kickback-.mp4,female,False,2025-12-03T23:26:31.475486+00:00,"1. Keep your elbows in a fixed position throughout the movement. 2. Curl the weight up by contracting your biceps, squeezing at the top. 3. Lower with control, resisting the weight on the way down. 4. Continue for your target rep count, maintaining good form throughout. Maintain consistent tempo throughout the set. Include this in your legs training.",,,,,,2,,5,7,,6,,,,,10,15,,4,,True,,Strength,100,5,7,False,True,romanian_deadlift,Romanian Deadlift Biceps Curl Kickback,"deadlift, leg_curl, hip_thrust",False,bodyweight,False,3,60,2,70,88,95,65
SUGGESTED_FIX,,,88783bbf-6352-4f6d-ba6a-31b76ac77602,Romanian Deadlift Biceps Curl Kickback (Bodyweight),Biceps,Bodyweight,"['Hamstrings', 'Glutes', 'Biceps']","['Glutes', 'Lower Back']","Strengthen the back of your thighs with this curling exercise. Your glutes, lower back work as secondary movers, adding to the training stimulus. A versatile bodyweight movement perfect for home or gym training. Strong legs are the foundation for athletic performance and functional fitness.",87491201,87491201-Bodyweight-Romanian-Deadlift-Biceps-Curl-Kickback-.mp4,female,False,2025-12-03T23:26:31.475486+00:00,"1. Keep your elbows in a fixed position throughout the movement. 2. Curl the weight up by contracting your biceps, squeezing at the top. 3. Lower with control, resisting the weight on the way down. 4. Continue for your target rep count, maintaining good form throughout. Maintain consistent tempo throughout the set. Include this in your legs training.",,,,,,2,,5,7,,6,,,,,10,15,,4,,True,,Strength,100,5,7,False,True,romanian_deadlift,Romanian Deadlift Biceps Curl Kickback,"deadlift, leg_curl, hip_thrust",False,bodyweight,False,3,60,2,70,88,95,65
ORIGINAL,MUSCLE: Row exercise incorrectly labeled as Chest (should be Back),YES,948de31a-259f-48be-a288-070219e76eab,Deep Push Up And Renegade Row (Dumbbell),Chest,Dumbbells,['Chest'],"['Triceps', 'Front Delts']","Target your chest with the Dumbbell Deep Push Up And Renegade Row, an effective rowing movement for upper body strength. Secondary activation of your triceps, front delts provides additional muscle engagement. The dumbbell variation provides freedom of movement and greater range of motion. A well-developed chest contributes to upper body strength and aesthetics.",47361201,47361201-Dumbbell-Deep-Push-up-and-Renegade-Row_Chest_.mp4,male,False,2025-12-03T23:26:23.288245+00:00,"1. Select a pair of dumbbells at an appropriate weight for Dumbbell Deep Push Up And Renegade Row. 2. Pull the weight toward your torso, leading with your elbow(s). 3. Squeeze your shoulder blades together at the peak contraction. 4. Extend back out with control, feeling the stretch in your back. 5. Complete all reps with control before resting.",,,,,,2,,10,10,,4,,,,,5,8,,8,,True,,Strength,82,7,9,True,False,dumbbell_row,Deep Push Up And Renegade Row,"bench_press, chest_fly, dip, tricep_pushdown",False,dumbbell,False,4,120,4,92,90,92,90
SUGGESTED_FIX,,,948de31a-259f-48be-a288-070219e76eab,Deep Push Up And Renegade Row (Dumbbell),Chest,Dumbbells,"['Back', 'Lats']","['Triceps', 'Front Delts']","Target your chest with the Dumbbell Deep Push Up And Renegade Row, an effective rowing movement for upper body strength. Secondary activation of your triceps, front delts provides additional muscle engagement. The dumbbell variation provides freedom of movement and greater range of motion. A well-developed chest contributes to upper body strength and aesthetics.",47361201,47361201-Dumbbell-Deep-Push-up-and-Renegade-Row_Chest_.mp4,male,False,2025-12-03T23:26:23.288245+00:00,"1. Select a pair of dumbbells at an appropriate weight for Dumbbell Deep Push Up And Renegade Row. 2. Pull the weight toward your torso, leading with your elbow(s). 3. Squeeze your shoulder blades together at the peak contraction. 4. Extend back out with control, feeling the stretch in your back. 5. Complete all reps with control before resting.",,,,,,2,,10,10,,4,,,,,5,8,,8,,True,,Strength,82,7,9,True,False,dumbbell_row,Deep Push Up And Renegade Row,"bench_press, chest_fly, dip, tricep_pushdown",False,dumbbell,False,4,120,4,92,90,92,90
ORIGINAL,MUSCLE: Calf exercise missing Calves as primary,YES,95b909bc-b872-4a8a-a902-e2ebcef55468,Lever Seated Squat Calf Raise On Leg Press Machine,Legs,"Leg Press Machine, Calf Raise Machine",['Quads'],"['Glutes', 'Hamstrings']","This pressing movement focuses on your gastrocnemius and soleus. You'll also feel your glutes, hamstrings working to support the movement. The seated position helps isolate the target muscles by removing momentum. Machine exercises are great for isolating muscles and training to failure safely. Strong legs are the foundation for athletic performance and functional fitness.",57851201,57851201-Lever-Seated-Squat-Calf-Raise-on-Leg-Press-Machine.mp4,female,False,2025-12-03T23:26:34.855778+00:00,"1. Adjust the machine settings (seat height, weight, pads) to fit your body for Lever Seated Squat Calf Raise On Leg Press Machine. 2. Sit with your back supported, core engaged, feet flat on the floor. 3. Position your feet on the platform and release the safety. 4. Lower the weight by bending your knees, then press back up powerfully. 5. Complete all reps with control before resting.",Squat,,,,,1,,5,7,,6,Seated,,,,12,20,,4,,True,,Strength,100,5,7,False,True,calf_raise,Lever Seated Squat Calf Raise On Leg Press,"leg_press, leg_extension, leg_curl, lunge, front_squat, hack_squat",False,machine,False,3,60,2,80,75,20,88
SUGGESTED_FIX,,,95b909bc-b872-4a8a-a902-e2ebcef55468,Lever Seated Squat Calf Raise On Leg Press Machine,Legs,"Leg Press Machine, Calf Raise Machine",['Calves'],"['Glutes', 'Hamstrings']","This pressing movement focuses on your gastrocnemius and soleus. You'll also feel your glutes, hamstrings working to support the movement. The seated position helps isolate the target muscles by removing momentum. Machine exercises are great for isolating muscles and training to failure safely. Strong legs are the foundation for athletic performance and functional fitness.",57851201,57851201-Lever-Seated-Squat-Calf-Raise-on-Leg-Press-Machine.mp4,female,False,2025-12-03T23:26:34.855778+00:00,"1. Adjust the machine settings (seat height, weight, pads) to fit your body for Lever Seated Squat Calf Raise On Leg Press Machine. 2. Sit with your back supported, core engaged, feet flat on the floor. 3. Position your feet on the platform and release the safety. 4. Lower the weight by bending your knees, then press back up powerfully. 5. Complete all reps with control before resting.",Squat,,,,,1,,5,7,,6,Seated,,,,12,20,,4,,True,,Strength,100,5,7,False,True,calf_raise,Lever Seated Squat Calf Raise On Leg Press,"leg_press, leg_extension, leg_curl, lunge, front_squat, hack_squat",False,machine,False,3,60,2,80,75,20,88
ORIGINAL,MUSCLE: Calf exercise missing Calves as primary,YES,43e33e5f-2c9e-4f11-8546-1c12b3b02c0b,Calf Raise And Front Squat (Bodyweight),Legs,Bodyweight,['Quads'],"['Glutes', 'Core']","This squatting movement focuses on your gastrocnemius and soleus. Your glutes, hamstrings work as secondary movers, adding to the training stimulus. A versatile bodyweight movement perfect for home or gym training. Lower body strength improves everything from walking to heavy compound lifts.",104481201,104481201-Bodyweight-Calf-Raise-and-Front-Squat-(male)_Thig.mp4,male,False,2025-12-03T23:26:24.577164+00:00,"1. Push your hips back and bend your knees to lower your body. 2. Keep your chest up and knees tracking over your toes. 3. Drive through your heels to stand back up, squeezing your glutes at the top. 4. Complete all reps with control before resting. Keep the movement smooth and controlled. Include this in your legs training.",Squat,,,,,4,,5,7,,6,,,,,12,20,,4,,True,,Strength,100,5,7,False,True,front_squat,Calf Raise And Front Squat,"squat, leg_press, leg_extension, goblet_squat",False,bodyweight,False,3,60,2,70,88,95,65
SUGGESTED_FIX,,,43e33e5f-2c9e-4f11-8546-1c12b3b02c0b,Calf Raise And Front Squat (Bodyweight),Legs,Bodyweight,['Calves'],"['Glutes', 'Core']","This squatting movement focuses on your gastrocnemius and soleus. Your glutes, hamstrings work as secondary movers, adding to the training stimulus. A versatile bodyweight movement perfect for home or gym training. Lower body strength improves everything from walking to heavy compound lifts.",104481201,104481201-Bodyweight-Calf-Raise-and-Front-Squat-(male)_Thig.mp4,male,False,2025-12-03T23:26:24.577164+00:00,"1. Push your hips back and bend your knees to lower your body. 2. Keep your chest up and knees tracking over your toes. 3. Drive through your heels to stand back up, squeezing your glutes at the top. 4. Complete all reps with control before resting. Keep the movement smooth and controlled. Include this in your legs training.",Squat,,,,,4,,5,7,,6,,,,,12,20,,4,,True,,Strength,100,5,7,False,True,front_squat,Calf Raise And Front Squat,"squat, leg_press, leg_extension, goblet_squat",False,bodyweight,False,3,60,2,70,88,95,65
ORIGINAL,MUSCLE: Row exercise incorrectly labeled as Chest (should be Back),YES,55854248-f7c7-4028-9770-1e1ef1495664,Push Up Row,Chest,Bodyweight,['Chest'],"['Triceps', 'Front Delts']","This rowing exercise strengthens the muscles between your shoulder blades. The triceps, front delts assist throughout the movement, making this a well-rounded exercise. This bodyweight exercise requires no equipment and can be done anywhere. Back development is crucial for pulling strength and overall upper body function.",71171201,71171201-Push-up-Row-(female)_Back_.mp4,female,False,2025-12-03T23:26:35.936279+00:00,"1. Pull the weight toward your torso, leading with your elbow(s). 2. Squeeze your shoulder blades together at the peak contraction. 3. Extend back out with control, feeling the stretch in your back. 4. Complete all reps with control before resting. Focus on maintaining proper breathing throughout. A solid choice for back day.",,,,,,2,,7,7,,5,,,,,8,12,,6,,True,,Strength,70,7,8,True,True,push_up,Push Up Row,"bench_press, chest_fly, dip",True,bodyweight,False,3,90,4,70,88,95,65
SUGGESTED_FIX,,,55854248-f7c7-4028-9770-1e1ef1495664,Push Up Row,Chest,Bodyweight,"['Back', 'Lats']","['Triceps', 'Front Delts']","This rowing exercise strengthens the muscles between your shoulder blades. The triceps, front delts assist throughout the movement, making this a well-rounded exercise. This bodyweight exercise requires no equipment and can be done anywhere. Back development is crucial for pulling strength and overall upper body function.",71171201,71171201-Push-up-Row-(female)_Back_.mp4,female,False,2025-12-03T23:26:35.936279+00:00,"1. Pull the weight toward your torso, leading with your elbow(s). 2. Squeeze your shoulder blades together at the peak contraction. 3. Extend back out with control, feeling the stretch in your back. 4. Complete all reps with control before resting. Focus on maintaining proper breathing throughout. A solid choice for back day.",,,,,,2,,7,7,,5,,,,,8,12,,6,,True,,Strength,70,7,8,True,True,push_up,Push Up Row,"bench_press, chest_fly, dip",True,bodyweight,False,3,90,4,70,88,95,65
ORIGINAL,CATEGORY: Bicep Curl exercise should be in Biceps category,YES,a0b5a27b-e302-4b19-811f-cc578da8009f,Bent Over Reverse Fly To Hammer Curl (Dumbbell),Shoulders,"Dumbbells, Flat Bench",['Biceps'],"['Upper Back', 'Traps']","Build balanced shoulders by working the posterior delts with this curling exercise. The upper back assist throughout the movement, making this a well-rounded exercise. The bent over position requires core engagement to maintain a neutral spine. Using dumbbells requires more stabilization than barbell variations. Back development is crucial for pulling strength and overall upper body function.",74751201,74751201-Dumbbell-Bent-Over-Reverse-Fly-to-Hammer-Curl-(mal.mp4,male,False,2025-12-03T23:26:24.422129+00:00,"1. Select a pair of dumbbells at an appropriate weight for Dumbbell Bent Over Reverse Fly To Hammer Curl. 2. Hinge at your hips, pushing them back while keeping your back flat. 3. Use a hammer/neutral grip with palms facing each other throughout. 4. Keep your elbows in a fixed position throughout the movement. 5. Curl the weight up by contracting your biceps, squeezing at the top. 6. Lower with control, resisting the weight on the way down. 7. Continue for your target rep count, maintaining good form throughout.",,,,,,2,,5,7,,6,,,,,10,15,,4,,True,,Strength,92,5,7,False,True,rear_delt,Bent Over Reverse Fly To Hammer Curl,"bench_press, incline_bench_press, push_up",True,dumbbell,False,3,60,2,92,90,92,90
SUGGESTED_FIX,,,a0b5a27b-e302-4b19-811f-cc578da8009f,Bent Over Reverse Fly To Hammer Curl (Dumbbell),Biceps,"Dumbbells, Flat Bench",['Biceps'],"['Upper Back', 'Traps']","Build balanced shoulders by working the posterior delts with this curling exercise. The upper back assist throughout the movement, making this a well-rounded exercise. The bent over position requires core engagement to maintain a neutral spine. Using dumbbells requires more stabilization than barbell variations. Back development is crucial for pulling strength and overall upper body function.",74751201,74751201-Dumbbell-Bent-Over-Reverse-Fly-to-Hammer-Curl-(mal.mp4,male,False,2025-12-03T23:26:24.422129+00:00,"1. Select a pair of dumbbells at an appropriate weight for Dumbbell Bent Over Reverse Fly To Hammer Curl. 2. Hinge at your hips, pushing them back while keeping your back flat. 3. Use a hammer/neutral grip with palms facing each other throughout. 4. Keep your elbows in a fixed position throughout the movement. 5. Curl the weight up by contracting your biceps, squeezing at the top. 6. Lower with control, resisting the weight on the way down. 7. Continue for your target rep count, maintaining good form throughout.",,,,,,2,,5,7,,6,,,,,10,15,,4,,True,,Strength,92,5,7,False,True,rear_delt,Bent Over Reverse Fly To Hammer Curl,"bench_press, incline_bench_press, push_up",True,dumbbell,False,3,60,2,92,90,92,90
ORIGINAL,MUSCLE: Calf exercise missing Calves as primary,YES,a2adb826-f511-4223-b42c-0a6fa372ce54,Sled Calf Press On Leg Press,Legs,"Leg Press Machine, Calf Raise Machine",['Quads'],[],"The Sled Calf Press On Leg Press isolates your calf muscles through a pressing motion. Secondary activation of your glutes provides additional muscle engagement. Leg training boosts metabolism and builds functional, real-world strength.",22121201,22121201-Sled-Calf-Press-On-Leg-Press-(female)_Calves.mp4,female,False,2025-12-03T23:26:37.99429+00:00,"1. Position your feet on the platform and release the safety. 2. Lower the weight by bending your knees, then press back up powerfully. 3. Repeat for the prescribed number of repetitions. Keep your shoulders relaxed and away from your ears.",,,,,,1,,10,10,,4,,,,,5,8,,8,,True,,Strength,80,7,9,True,False,calf_raise,Sled Calf Press On Leg Press,"squat, leg_extension, leg_curl, hack_squat, lunge",True,machine,False,4,120,4,80,75,20,88
SUGGESTED_FIX,,,a2adb826-f511-4223-b42c-0a6fa372ce54,Sled Calf Press On Leg Press,Legs,"Leg Press Machine, Calf Raise Machine",['Calves'],[],"The Sled Calf Press On Leg Press isolates your calf muscles through a pressing motion. Secondary activation of your glutes provides additional muscle engagement. Leg training boosts metabolism and builds functional, real-world strength.",22121201,22121201-Sled-Calf-Press-On-Leg-Press-(female)_Calves.mp4,female,False,2025-12-03T23:26:37.99429+00:00,"1. Position your feet on the platform and release the safety. 2. Lower the weight by bending your knees, then press back up powerfully. 3. Repeat for the prescribed number of repetitions. Keep your shoulders relaxed and away from your ears.",,,,,,1,,10,10,,4,,,,,5,8,,8,,True,,Strength,80,7,9,True,False,calf_raise,Sled Calf Press On Leg Press,"squat, leg_extension, leg_curl, hack_squat, lunge",True,machine,False,4,120,4,80,75,20,88
